time_s,radius_cm,z_cm,temperature_C,delta_from_midplane_C,is_requested_sample_z
100,0,0,28.16697427,0.1669206619,True
100,0,0.125,28.10939251,0.1093389004,False
100,0,0.25,28.06996888,0.06991527648,True
100,0,0.375,28.04367107,0.04361746082,False
100,0,0.5,28.02658338,0.02652977156,True
100,0,0.625,28.01577291,0.01571930101,False
100,0,0.75,28.00911887,0.009065258434,False
100,0,0.875,28.00513767,0.005084058778,False
100,0,1,28.00282442,0.002770809194,True
100,0,1.125,28.00152022,0.001466612439,False
100,0,1.25,28.00080723,0.0007536245839,False
100,0,1.375,28.00042946,0.0003758484452,False
100,0,1.5,28.00023551,0.0001819017192,False
100,0,1.625,28.00013904,8.543334997e-05,False
100,0,1.75,28.00009255,3.894283724e-05,False
100,0,1.875,28.00007084,1.723117083e-05,False
100,0,2,28.00006101,7.402772813e-06,False
100,0,2.125,28.0000567,3.088831924e-06,False
100,0,2.25,28.00005486,1.252160832e-06,False
100,0,2.375,28.0000541,4.933463913e-07,False
100,0,2.5,28.0000538,1.889908603e-07,True
100,0,2.625,28.00005368,7.042149619e-08,False
100,0,2.75,28.00005363,2.553448297e-08,False
100,0,2.875,28.00005362,9.013149338e-09,False
100,0,3,28.00005361,3.098065804e-09,False
100,0,3.125,28.00005361,1.036937647e-09,False
100,0,3.25,28.00005361,3.376143809e-10,False
100,0,3.375,28.00005361,1.063895638e-10,False
100,0,3.5,28.00005361,3.188205255e-11,False
100,0,3.625,28.00005361,8.505196547e-12,False
100,0,3.75,28.00005361,1.406874617e-12,False
100,0,3.875,28.00005361,6.110667528e-13,False
100,0,4,28.00005361,1.151079232e-12,False
100,0,4.125,28.00005361,1.406874617e-12,False
100,0,4.25,28.00005361,1.520561455e-12,False
100,0,4.375,28.00005361,1.563194019e-12,False
100,0,4.5,28.00005361,1.524114168e-12,False
100,0,4.625,28.00005361,1.570299446e-12,False
100,0,4.75,28.00005361,1.652011861e-12,False
100,0,4.875,28.00005361,1.723066134e-12,False
100,0,5,28.00005361,1.623590151e-12,True
100,0,5.125,28.00005361,1.591615728e-12,False
100,0,5.25,28.00005361,1.424638185e-12,False
100,0,5.375,28.00005361,1.456612608e-12,False
100,0,5.5,28.00005361,1.488587031e-12,False
100,0,5.625,28.00005361,1.513456027e-12,False
100,0,5.75,28.00005361,1.389111048e-12,False
100,0,5.875,28.00005361,1.396216476e-12,False
100,0,6,28.00005361,1.389111048e-12,False
100,0,6.125,28.00005361,1.403321903e-12,False
100,0,6.25,28.00005361,1.367794766e-12,False
100,0,6.375,28.00005361,1.357136625e-12,False
100,0,6.5,28.00005361,1.310951347e-12,False
100,0,6.625,28.00005361,1.360689339e-12,False
100,0,6.75,28.00005361,1.335820343e-12,False
100,0,6.875,28.00005361,1.385558335e-12,False
100,0,7,28.00005361,1.335820343e-12,False
100,0,7.125,28.00005361,1.41042733e-12,False
100,0,7.25,28.00005361,1.527666882e-12,False
100,0,7.375,28.00005361,1.627142865e-12,False
100,0,7.5,28.00005361,1.627142865e-12,True
100,0,7.625,28.00005361,1.652011861e-12,False
100,0,7.75,28.00005361,1.620037438e-12,False
100,0,7.875,28.00005361,1.627142865e-12,False
100,0,8,28.00005361,1.620037438e-12,False
100,0,8.125,28.00005361,1.588063014e-12,False
100,0,8.25,28.00005361,1.481481604e-12,False
100,0,8.375,28.00005361,1.488587031e-12,False
100,0,8.5,28.00005361,1.517008741e-12,False
100,0,8.625,28.00005361,1.527666882e-12,False
100,0,8.75,28.00005361,1.481481604e-12,False
100,0,8.875,28.00005361,1.47792889e-12,False
100,0,9,28.00005361,1.413980044e-12,False
100,0,9.125,28.00005361,1.445954467e-12,False
100,0,9.25,28.00005361,1.43884904e-12,False
100,0,9.375,28.00005361,1.495692459e-12,False
100,0,9.5,28.00005361,1.43884904e-12,False
100,0,9.625,28.00005361,1.413980044e-12,False
100,0,9.75,28.00005361,1.527666882e-12,False
100,0,9.875,28.00005361,1.637801006e-12,False
100,0,10,28.00005361,1.701749852e-12,True
100,0,10.125,28.00005361,1.701749852e-12,False
100,0,10.25,28.00005361,1.616484724e-12,False
100,0,10.375,28.00005361,1.630695579e-12,False
100,0,10.5,28.00005361,1.609379296e-12,False
100,0,10.625,28.00005361,1.577404873e-12,False
100,0,10.75,28.00005361,1.524114168e-12,False
100,0,10.875,28.00005361,1.534772309e-12,False
100,0,11,28.00005361,1.54543045e-12,False
100,0,11.125,28.00005361,1.531219596e-12,False
100,0,11.25,28.00005361,1.566746732e-12,False
100,0,11.375,28.00005361,1.552535878e-12,False
100,0,11.5,28.00005361,1.520561455e-12,False
100,0,11.625,28.00005361,1.449507181e-12,False
100,0,11.75,28.00005361,1.378452907e-12,False
100,0,11.875,28.00005361,1.318056775e-12,False
100,0,12,28.00005361,1.19726451e-12,False
100,0,12.125,28.00005361,1.033839681e-12,False
100,0,12.25,28.00005361,8.242295735e-13,False
100,0,12.375,28.00005361,4.192202141e-13,False
100,0,12.5,28.00005361,0,True
100,1.5,0,28.19244504,0.159744698,True
100,1.5,0.125,28.13686868,0.1041683342,False
100,1.5,0.25,28.09902671,0.06632636317,True
100,1.5,0.375,28.07391667,0.04121632327,False
100,1.5,0.5,28.05768054,0.0249801902,True
100,1.5,0.625,28.04745439,0.01475404044,False
100,1.5,0.75,28.04118491,0.008484559858,False
100,1.5,0.875,28.03744686,0.004746511306,False
100,1.5,1,28.0352815,0.002581151071,True
100,1.5,1.125,28.03406391,0.00136356871,False
100,1.5,1.25,28.03339981,0.0006994690353,False
100,1.5,1.375,28.03304865,0.0003483063796,False
100,1.5,1.5,28.03286869,0.0001683420317,False
100,1.5,1.625,28.03277931,7.896820901e-05,False
100,1.5,1.75,28.0327363,3.595631811e-05,False
100,1.5,1.875,28.03271624,1.589394924e-05,False
100,1.5,2,28.03270717,6.822153793e-06,False
100,1.5,2.125,28.03270319,2.844244392e-06,False
100,1.5,2.25,28.0327015,1.152150766e-06,False
100,1.5,2.375,28.0327008,4.536332128e-07,False
100,1.5,2.5,28.03270052,1.736684681e-07,True
100,1.5,2.625,28.03270041,6.46744347e-08,False
100,1.5,2.75,28.03270037,2.343772465e-08,False
100,1.5,2.875,28.03270035,8.268649765e-09,False
100,1.5,3,28.03270035,2.840529589e-09,False
100,1.5,3.125,28.03270035,9.500205067e-10,False
100,1.5,3.25,28.03270035,3.088445055e-10,False
100,1.5,3.375,28.03270035,9.699263614e-11,False
100,1.5,3.5,28.03270035,2.872013738e-11,False
100,1.5,3.625,28.03270035,7.322142892e-12,False
100,1.5,3.75,28.03270035,8.881784197e-13,False
100,1.5,3.875,28.03270035,1.023181539e-12,False
100,1.5,4,28.03270035,1.609379296e-12,False
100,1.5,4.125,28.03270035,1.715960707e-12,False
100,1.5,4.25,28.03270035,1.733724275e-12,False
100,1.5,4.375,28.03270035,1.726618848e-12,False
100,1.5,4.5,28.03270035,1.776356839e-12,False
100,1.5,4.625,28.03270035,1.861621968e-12,False
100,1.5,4.75,28.03270035,1.88293825e-12,False
100,1.5,4.875,28.03270035,1.865174681e-12,False
100,1.5,5,28.03270035,1.88293825e-12,True
100,1.5,5.125,28.03270035,1.936228955e-12,False
100,1.5,5.25,28.03270035,1.900701818e-12,False
100,1.5,5.375,28.03270035,1.865174681e-12,False
100,1.5,5.5,28.03270035,1.893596391e-12,False
100,1.5,5.625,28.03270035,1.875832822e-12,False
100,1.5,5.75,28.03270035,1.918465387e-12,False
100,1.5,5.875,28.03270035,1.879385536e-12,False
100,1.5,6,28.03270035,1.850963827e-12,False
100,1.5,6.125,28.03270035,1.875832822e-12,False
100,1.5,6.25,28.03270035,1.907807246e-12,False
100,1.5,6.375,28.03270035,1.879385536e-12,False
100,1.5,6.5,28.03270035,1.765698698e-12,False
100,1.5,6.625,28.03270035,1.808331263e-12,False
100,1.5,6.75,28.03270035,1.794120408e-12,False
100,1.5,6.875,28.03270035,1.833200258e-12,False
100,1.5,7,28.03270035,1.886490963e-12,False
100,1.5,7.125,28.03270035,1.886490963e-12,False
100,1.5,7.25,28.03270035,1.811883976e-12,False
100,1.5,7.375,28.03270035,1.818989404e-12,False
100,1.5,7.5,28.03270035,1.865174681e-12,True
100,1.5,7.625,28.03270035,1.81543669e-12,False
100,1.5,7.75,28.03270035,1.779909553e-12,False
100,1.5,7.875,28.03270035,1.797673121e-12,False
100,1.5,8,28.03270035,1.833200258e-12,False
100,1.5,8.125,28.03270035,1.875832822e-12,False
100,1.5,8.25,28.03270035,1.946887096e-12,False
100,1.5,8.375,28.03270035,1.88293825e-12,False
100,1.5,8.5,28.03270035,1.865174681e-12,False
100,1.5,8.625,28.03270035,1.897149104e-12,False
100,1.5,8.75,28.03270035,1.968203378e-12,False
100,1.5,8.875,28.03270035,1.964650664e-12,False
100,1.5,9,28.03270035,1.843858399e-12,False
100,1.5,9.125,28.03270035,1.808331263e-12,False
100,1.5,9.25,28.03270035,1.822542117e-12,False
100,1.5,9.375,28.03270035,1.797673121e-12,False
100,1.5,9.5,28.03270035,1.772804126e-12,False
100,1.5,9.625,28.03270035,1.769251412e-12,False
100,1.5,9.75,28.03270035,1.804778549e-12,False
100,1.5,9.875,28.03270035,1.818989404e-12,False
100,1.5,10,28.03270035,1.886490963e-12,True
100,1.5,10.125,28.03270035,1.897149104e-12,False
100,1.5,10.25,28.03270035,1.85451654e-12,False
100,1.5,10.375,28.03270035,1.829647545e-12,False
100,1.5,10.5,28.03270035,1.826094831e-12,False
100,1.5,10.625,28.03270035,1.843858399e-12,False
100,1.5,10.75,28.03270035,1.865174681e-12,False
100,1.5,10.875,28.03270035,1.797673121e-12,False
100,1.5,11,28.03270035,1.779909553e-12,False
100,1.5,11.125,28.03270035,1.769251412e-12,False
100,1.5,11.25,28.03270035,1.769251412e-12,False
100,1.5,11.375,28.03270035,1.762145985e-12,False
100,1.5,11.5,28.03270035,1.776356839e-12,False
100,1.5,11.625,28.03270035,1.726618848e-12,False
100,1.5,11.75,28.03270035,1.655564574e-12,False
100,1.5,11.875,28.03270035,1.467270749e-12,False
100,1.5,12,28.03270035,1.325162202e-12,False
100,1.5,12.125,28.03270035,1.111999381e-12,False
100,1.5,12.25,28.03270035,7.567280136e-13,False
100,1.5,12.375,28.03270035,4.121147867e-13,False
100,1.5,12.5,28.03270035,0,True
300,0,0,28.78854351,0.7477463652,True
300,0,0.125,28.63002787,0.5892307234,False
300,0,0.25,28.50273703,0.4619398829,True
300,0,0.375,28.40086682,0.3600696749,False
300,0,0.5,28.31961836,0.2788212097,True
300,0,0.625,28.25508334,0.2142861982,False
300,0,0.75,28.20409676,0.1632996124,False
300,0,0.875,28.16408843,0.1232912843,False
300,0,1,28.13295488,0.0921577295,True
300,0,1.125,28.10896005,0.06816290203,False
300,0,1.25,28.09066382,0.04986667096,False
300,0,1.375,28.07687174,0.03607459175,False
300,0,1.5,28.06659865,0.0258015053,False
300,0,1.625,28.05904007,0.01824292183,False
300,0,1.75,28.05354751,0.01275035904,False
300,0,1.875,28.0496059,0.008808758267,False
300,0,2,28.04681255,0.006015401113,False
300,0,2.125,28.04485756,0.004060411458,False
300,0,2.25,28.04350629,0.002709140706,False
300,0,2.375,28.04258384,0.001786697538,False
300,0,2.5,28.04196189,0.001164745544,True
300,0,2.625,28.04154769,0.0007505411053,False
300,0,2.75,28.04127521,0.0004780620111,False
300,0,2.875,28.04109814,0.0003009976929,False
300,0,3,28.04098448,0.0001873328807,False
300,0,3.125,28.0409124,0.0001152495831,False
300,0,3.25,28.04086723,7.008768361e-05,False
300,0,3.375,28.04083928,4.213310555e-05,False
300,0,3.5,28.04082218,2.503727779e-05,False
300,0,3.625,28.04081185,1.470737596e-05,False
300,0,3.75,28.04080569,8.54024923e-06,False
300,0,3.875,28.04080205,4.902259867e-06,False
300,0,4,28.04079993,2.781737876e-06,False
300,0,4.125,28.04079871,1.56039437e-06,False
300,0,4.25,28.04079801,8.652782171e-07,False
300,0,4.375,28.04079762,4.743359696e-07,False
300,0,4.5,28.0407974,2.57058371e-07,False
300,0,4.625,28.04079728,1.37720793e-07,False
300,0,4.75,28.04079722,7.294514504e-08,False
300,0,4.875,28.04079718,3.819693717e-08,False
300,0,5,28.04079717,1.977431552e-08,True
300,0,5.125,28.04079716,1.012070427e-08,False
300,0,5.25,28.04079715,5.120973867e-09,False
300,0,5.375,28.04079715,2.561304058e-09,False
300,0,5.5,28.04079715,1.265956229e-09,False
300,0,5.625,28.04079715,6.180442824e-10,False
300,0,5.75,28.04079715,2.977245117e-10,False
300,0,5.875,28.04079715,1.41067602e-10,False
300,0,6,28.04079715,6.535216812e-11,False
300,0,6.125,28.04079715,2.920330644e-11,False
300,0,6.25,28.04079715,1.213251721e-11,False
300,0,6.375,28.04079715,4.192202141e-12,False
300,0,6.5,28.04079715,5.826450433e-13,False
300,0,6.625,28.04079715,1.133315664e-12,False
300,0,6.75,28.04079715,1.907807246e-12,False
300,0,6.875,28.04079715,2.287947609e-12,False
300,0,7,28.04079715,2.422950729e-12,False
300,0,7.125,28.04079715,2.582822844e-12,False
300,0,7.25,28.04079715,2.728484105e-12,False
300,0,7.375,28.04079715,2.845723657e-12,False
300,0,7.5,28.04079715,2.813749234e-12,True
300,0,7.625,28.04079715,2.852829084e-12,False
300,0,7.75,28.04079715,2.831512802e-12,False
300,0,7.875,28.04079715,2.856381798e-12,False
300,0,8,28.04079715,2.874145366e-12,False
300,0,8.125,28.04079715,2.820854661e-12,False
300,0,8.25,28.04079715,2.746247674e-12,False
300,0,8.375,28.04079715,2.803091093e-12,False
300,0,8.5,28.04079715,2.838618229e-12,False
300,0,8.625,28.04079715,2.859934511e-12,False
300,0,8.75,28.04079715,2.806643806e-12,False
300,0,8.875,28.04079715,2.788880238e-12,False
300,0,9,28.04079715,2.732036819e-12,False
300,0,9.125,28.04079715,2.724931392e-12,False
300,0,9.25,28.04079715,2.760458528e-12,False
300,0,9.375,28.04079715,2.785327524e-12,False
300,0,9.5,28.04079715,2.696509682e-12,False
300,0,9.625,28.04079715,2.689404255e-12,False
300,0,9.75,28.04079715,2.785327524e-12,False
300,0,9.875,28.04079715,2.909672503e-12,False
300,0,10,28.04079715,2.938094212e-12,True
300,0,10.125,28.04079715,2.927436071e-12,False
300,0,10.25,28.04079715,2.817301947e-12,False
300,0,10.375,28.04079715,2.824407375e-12,False
300,0,10.5,28.04079715,2.803091093e-12,False
300,0,10.625,28.04079715,2.753353101e-12,False
300,0,10.75,28.04079715,2.671640686e-12,False
300,0,10.875,28.04079715,2.643218977e-12,False
300,0,11,28.04079715,2.614797268e-12,False
300,0,11.125,28.04079715,2.579270131e-12,False
300,0,11.25,28.04079715,2.547295708e-12,False
300,0,11.375,28.04079715,2.43360887e-12,False
300,0,11.5,28.04079715,2.291500323e-12,False
300,0,11.625,28.04079715,2.110311925e-12,False
300,0,11.75,28.04079715,1.893596391e-12,False
300,0,11.875,28.04079715,1.705302566e-12,False
300,0,12,28.04079715,1.481481604e-12,False
300,0,12.125,28.04079715,1.215028078e-12,False
300,0,12.25,28.04079715,9.237055565e-13,False
300,0,12.375,28.04079715,4.263256415e-13,False
300,0,12.5,28.04079715,0,True
300,1.5,0,29.00929277,0.6412304531,True
300,1.5,0.125,28.86893246,0.5008701468,False
300,1.5,0.25,28.75766382,0.3896015063,True
300,1.5,0.375,28.66967236,0.3016100487,False
300,1.5,0.5,28.6002385,0.2321761888,True
300,1.5,0.625,28.5455974,0.1775350873,False
300,1.5,0.75,28.50276752,0.1347052064,False
300,1.5,0.875,28.46938247,0.1013201595,False
300,1.5,1,28.44354781,0.07548549388,True
300,1.5,1.125,28.4237308,0.05566848796,False
300,1.5,1.25,28.40868133,0.04061901058,False
300,1.5,1.375,28.39737671,0.02931439987,False
300,1.5,1.5,28.38898272,0.02092040475,False
300,1.5,1.625,28.38282402,0.0147617099,False
300,1.5,1.75,28.37836011,0.01029779493,False
300,1.5,1.875,28.37516416,0.007101848485,False
300,1.5,2,28.37290411,0.004841792256,False
300,1.5,2.125,28.3713255,0.003263188231,False
300,1.5,2.25,28.3702364,0.002174083742,False
300,1.5,2.375,28.3694942,0.001431882589,False
300,1.5,2.5,28.36899457,0.00093225652,True
300,1.5,2.625,28.36866233,0.000600013168,False
300,1.5,2.75,28.36844407,0.0003817545316,False
300,1.5,2.875,28.36830242,0.0002401079546,False
300,1.5,3,28.3682116,0.000149289314,False
300,1.5,3.125,28.36815407,9.175962424e-05,False
300,1.5,3.25,28.36811807,5.575401815e-05,False
300,1.5,3.375,28.3680958,3.348908776e-05,False
300,1.5,3.5,28.3680822,1.988539084e-05,False
300,1.5,3.625,28.36807399,1.167266134e-05,False
300,1.5,3.75,28.36806909,6.773484689e-06,False
300,1.5,3.875,28.3680662,3.885643263e-06,False
300,1.5,4,28.36806452,2.20355917e-06,False
300,1.5,4.125,28.36806355,1.235380378e-06,False
300,1.5,4.25,28.368063,6.846911589e-07,False
300,1.5,4.375,28.36806269,3.751556257e-07,False
300,1.5,4.5,28.36806252,2.032151407e-07,False
300,1.5,4.625,28.36806242,1.088263524e-07,False
300,1.5,4.75,28.36806237,5.761710042e-08,False
300,1.5,4.875,28.36806235,3.015871997e-08,False
300,1.5,5,28.36806233,1.560697171e-08,True
300,1.5,5.125,28.36806232,7.98466715e-09,False
300,1.5,5.25,28.36806232,4.038373191e-09,False
300,1.5,5.375,28.36806232,2.018822443e-09,False
300,1.5,5.5,28.36806232,9.971081738e-10,False
300,1.5,5.625,28.36806232,4.862066305e-10,False
300,1.5,5.75,28.36806232,2.335980298e-10,False
300,1.5,5.875,28.36806231,1.101732039e-10,False
300,1.5,6,28.36806231,5.053735208e-11,False
300,1.5,6.125,28.36806231,2.200906124e-11,False
300,1.5,6.25,28.36806231,8.530065543e-12,False
300,1.5,6.375,28.36806231,2.295053037e-12,False
300,1.5,6.5,28.36806231,5.009326287e-13,False
300,1.5,6.625,28.36806231,1.833200258e-12,False
300,1.5,6.75,28.36806231,2.444267011e-12,False
300,1.5,6.875,28.36806231,2.714273251e-12,False
300,1.5,7,28.36806231,2.899014362e-12,False
300,1.5,7.125,28.36806231,2.930988785e-12,False
300,1.5,7.25,28.36806231,2.895461648e-12,False
300,1.5,7.375,28.36806231,2.941646926e-12,False
300,1.5,7.5,28.36806231,3.005595772e-12,True
300,1.5,7.625,28.36806231,2.952305067e-12,False
300,1.5,7.75,28.36806231,2.909672503e-12,False
300,1.5,7.875,28.36806231,2.927436071e-12,False
300,1.5,8,28.36806231,2.980726777e-12,False
300,1.5,8.125,28.36806231,3.044675623e-12,False
300,1.5,8.25,28.36806231,3.097966328e-12,False
300,1.5,8.375,28.36806231,3.048228336e-12,False
300,1.5,8.5,28.36806231,3.058886477e-12,False
300,1.5,8.625,28.36806231,3.065991905e-12,False
300,1.5,8.75,28.36806231,3.140598892e-12,False
300,1.5,8.875,28.36806231,3.069544618e-12,False
300,1.5,9,28.36806231,2.994937631e-12,False
300,1.5,9.125,28.36806231,2.977174063e-12,False
300,1.5,9.25,28.36806231,3.002043059e-12,False
300,1.5,9.375,28.36806231,2.980726777e-12,False
300,1.5,9.5,28.36806231,2.966515922e-12,False
300,1.5,9.625,28.36806231,2.938094212e-12,False
300,1.5,9.75,28.36806231,2.973621349e-12,False
300,1.5,9.875,28.36806231,2.977174063e-12,False
300,1.5,10,28.36806231,2.994937631e-12,True
300,1.5,10.125,28.36806231,2.98427949e-12,False
300,1.5,10.25,28.36806231,2.973621349e-12,False
300,1.5,10.375,28.36806231,2.962963208e-12,False
300,1.5,10.5,28.36806231,2.913225217e-12,False
300,1.5,10.625,28.36806231,2.891908935e-12,False
300,1.5,10.75,28.36806231,2.884803507e-12,False
300,1.5,10.875,28.36806231,2.756905815e-12,False
300,1.5,11,28.36806231,2.728484105e-12,False
300,1.5,11.125,28.36806231,2.689404255e-12,False
300,1.5,11.25,28.36806231,2.589928272e-12,False
300,1.5,11.375,28.36806231,2.476241434e-12,False
300,1.5,11.5,28.36806231,2.419398015e-12,False
300,1.5,11.625,28.36806231,2.2595259e-12,False
300,1.5,11.75,28.36806231,2.078337502e-12,False
300,1.5,11.875,28.36806231,1.794120408e-12,False
300,1.5,12,28.36806231,1.531219596e-12,False
300,1.5,12.125,28.36806231,1.232791647e-12,False
300,1.5,12.25,28.36806231,8.277822872e-13,False
300,1.5,12.375,28.36806231,4.369837825e-13,False
300,1.5,12.5,28.36806231,0,True
600,0,0,30.12625079,1.672915006,True
600,0,0.125,29.87681684,1.423481057,False
600,0,0.25,29.65927184,1.205936065,True
600,0,0.375,29.47048885,1.017153071,False
600,0,0.5,29.30746669,0.8541309094,True
600,0,0.625,29.16736088,0.7140251027,False
600,0,0.75,29.04751255,0.5941767684,False
600,0,0.875,28.94546917,0.4921333922,False
600,0,1,28.85899437,0.405658592,True
600,0,1.125,28.78606716,0.3327313769,False
600,0,1.25,28.72487338,0.2715375994,False
600,0,1.375,28.67379273,0.220456948,False
600,0,1.5,28.63138409,0.1780483074,False
600,0,1.625,28.59637105,0.1430352735,False
600,0,1.75,28.56762839,0.1142926101,False
600,0,1.875,28.54416953,0.09083374592,False
600,0,2,28.52513486,0.07179908204,False
600,0,2.125,28.5097806,0.05644482153,False
600,0,2.25,28.4974679,0.04413211889,False
600,0,2.375,28.48765225,0.03431647469,False
600,0,2.5,28.47987319,0.02653741136,True
600,0,2.625,28.47374431,0.02040853376,False
600,0,2.75,28.46894388,0.01560810257,False
600,0,2.875,28.46520602,0.01187023998,False
600,0,3,28.46231264,0.00897685964,False
600,0,3.125,28.46008616,0.006750377038,False
600,0,3.25,28.458383,0.005047220925,False
600,0,3.375,28.45708792,0.003752135548,False
600,0,3.5,28.45610902,0.002773239504,False
600,0,3.625,28.45537357,0.00203778997,False
600,0,3.75,28.45482437,0.001488590513,False
600,0,3.875,28.45441676,0.001080975331,False
600,0,4,28.45411608,0.0007803016206,False
600,0,4.125,28.45389566,0.0005598834843,False
600,0,4.25,28.45373508,0.0003993046603,False
600,0,4.375,28.45361883,0.0002830524276,False
600,0,4.5,28.4535352,0.0001994208393,False
600,0,4.625,28.45347542,0.0001396374617,False
600,0,4.75,28.45343295,9.717375336e-05,False
600,0,4.875,28.45340298,6.720487918e-05,False
600,0,5,28.45338197,4.618999158e-05,True
600,0,5.125,28.45336733,3.154873328e-05,False
600,0,5.25,28.45335719,2.141390485e-05,False
600,0,5.375,28.45335022,1.444387736e-05,False
600,0,5.5,28.45334546,9.681460529e-06,False
600,0,5.625,28.45334223,6.448568612e-06,False
600,0,5.75,28.45334005,4.268234456e-06,False
600,0,5.875,28.45333859,2.807331313e-06,False
600,0,6,28.45333761,1.834840358e-06,False
600,0,6.125,28.45333697,1.191685254e-06,False
600,0,6.25,28.45333655,7.691012662e-07,False
600,0,6.375,28.45333627,4.932473097e-07,False
600,0,6.5,28.45333609,3.143447138e-07,False
600,0,6.625,28.45333598,1.990713763e-07,False
600,0,6.75,28.45333591,1.252778041e-07,False
600,0,6.875,28.45333586,7.834355742e-08,False
600,0,7,28.45333583,4.868524073e-08,False
600,0,7.125,28.45333581,3.00645091e-08,False
600,0,7.25,28.4533358,1.844894726e-08,False
600,0,7.375,28.45333579,1.124974602e-08,False
600,0,7.5,28.45333579,6.816485154e-09,True
600,0,7.625,28.45333578,4.103871021e-09,False
600,0,7.75,28.45333578,2.454754622e-09,False
600,0,7.875,28.45333578,1.458460019e-09,False
600,0,8,28.45333578,8.604850166e-10,False
600,0,8.125,28.45333578,5.038813811e-10,False
600,0,8.25,28.45333578,2.925695242e-10,False
600,0,8.375,28.45333578,1.68068226e-10,False
600,0,8.5,28.45333578,9.520562116e-11,False
600,0,8.625,28.45333578,5.282174698e-11,False
600,0,8.75,28.45333578,2.840039315e-11,False
600,0,8.875,28.45333578,1.435651598e-11,False
600,0,9,28.45333578,6.409095477e-12,False
600,0,9.125,28.45333578,1.879385536e-12,False
600,0,9.25,28.45333578,6.998845947e-13,False
600,0,9.375,28.45333578,2.152944489e-12,False
600,0,9.5,28.45333578,2.859934511e-12,False
600,0,9.625,28.45333578,3.328892717e-12,False
600,0,9.75,28.45333578,3.609557098e-12,False
600,0,9.875,28.45333578,3.808509064e-12,False
600,0,10,28.45333578,3.868905196e-12,True
600,0,10.125,28.45333578,3.886668765e-12,False
600,0,10.25,28.45333578,3.741007504e-12,False
600,0,10.375,28.45333578,3.744560217e-12,False
600,0,10.5,28.45333578,3.662847803e-12,False
600,0,10.625,28.45333578,3.574029961e-12,False
600,0,10.75,28.45333578,3.481659405e-12,False
600,0,10.875,28.45333578,3.38928885e-12,False
600,0,11,28.45333578,3.300471008e-12,False
600,0,11.125,28.45333578,3.193889597e-12,False
600,0,11.25,28.45333578,3.065991905e-12,False
600,0,11.375,28.45333578,2.874145366e-12,False
600,0,11.5,28.45333578,2.660982545e-12,False
600,0,11.625,28.45333578,2.373212737e-12,False
600,0,11.75,28.45333578,2.142286348e-12,False
600,0,11.875,28.45333578,1.875832822e-12,False
600,0,12,28.45333578,1.623590151e-12,False
600,0,12.125,28.45333578,1.307398634e-12,False
600,0,12.25,28.45333578,9.556799796e-13,False
600,0,12.375,28.45333578,4.511946372e-13,False
600,0,12.5,28.45333578,0,True
600,1.5,0,30.64805298,1.332146318,True
600,1.5,0.125,30.44218639,1.126279734,False
600,1.5,0.25,30.26451876,0.9486120988,True
600,1.5,0.375,30.11182235,0.7959156925,False
600,1.5,0.5,29.98111393,0.6652072729,True
600,1.5,0.625,29.86966283,0.5537561712,False
600,1.5,0.75,29.77499529,0.4590886247,False
600,1.5,0.875,29.69489256,0.3789859035,False
600,1.5,1,29.62738163,0.3114749654,True
600,1.5,1.125,29.57071914,0.2548124786,False
600,1.5,1.25,29.52337127,0.2074646079,False
600,1.5,1.375,29.48399201,0.1680853541,False
600,1.5,1.5,29.45140236,0.1354956957,False
600,1.5,1.625,29.42457148,0.1086648172,False
600,1.5,1.75,29.40260047,0.08669381039,False
600,1.5,1.875,29.3847083,0.06880163452,False
600,1.5,2,29.37021952,0.05431285837,False
600,1.5,2.125,29.35855335,0.0426466888,False
600,1.5,2.25,29.34921356,0.0333069033,False
600,1.5,2.375,29.34177911,0.02587245321,False
600,1.5,2.5,29.33589529,0.019988634,True
600,1.5,2.625,29.33126547,0.01535880681,False
600,1.5,2.75,29.32764336,0.01173670089,False
600,1.5,2.875,29.324826,0.008919338996,False
600,1.5,3,29.32264728,0.006740620276,False
600,1.5,3.125,29.32097224,0.005065576504,False
600,1.5,3.25,29.31969196,0.003785297454,False
600,1.5,3.375,29.31871916,0.002812502152,False
600,1.5,3.5,29.31798438,0.002077718121,False
600,1.5,3.625,29.31743268,0.001526020561,False
600,1.5,3.75,29.31702094,0.001114277533,False
600,1.5,3.875,29.31671551,0.0008088448794,False
600,1.5,4,29.31649032,0.0005836550748,False
600,1.5,4.125,29.31632531,0.0004186465959,False
600,1.5,4.25,29.31620514,0.0002984841305,False
600,1.5,4.375,29.31611819,0.0002115244396,False
600,1.5,4.5,29.31605565,0.0001489875436,False
600,1.5,4.625,29.31601096,0.0001042978231,False
600,1.5,4.75,29.31597922,7.256438616e-05,False
600,1.5,4.875,29.31595684,5.017452693e-05,False
600,1.5,5,29.31594114,3.44781816e-05,True
600,1.5,5.125,29.31593021,2.354495534e-05,False
600,1.5,5.25,29.31592264,1.59785093e-05,False
600,1.5,5.375,29.31591744,1.077588988e-05,False
600,1.5,5.5,29.31591388,7.221763848e-06,False
600,1.5,5.625,29.31591147,4.809528495e-06,False
600,1.5,5.75,29.31590984,3.18293365e-06,False
600,1.5,5.875,29.31590875,2.093226531e-06,False
600,1.5,6,29.31590803,1.367939504e-06,False
600,1.5,6.125,29.31590755,8.88338981e-07,False
600,1.5,6.25,29.31590723,5.732598574e-07,False
600,1.5,6.375,29.31590703,3.676085853e-07,False
600,1.5,6.5,29.31590689,2.342511785e-07,False
600,1.5,6.625,29.31590681,1.483339709e-07,False
600,1.5,6.75,29.31590675,9.333902895e-08,False
600,1.5,6.875,29.31590672,5.836468731e-08,False
600,1.5,7,29.3159067,3.62660586e-08,False
600,1.5,7.125,29.31590668,2.239304919e-08,False
600,1.5,7.25,29.31590667,1.374001002e-08,False
600,1.5,7.375,29.31590667,8.377369909e-09,False
600,1.5,7.5,29.31590667,5.075218468e-09,True
600,1.5,7.625,29.31590666,3.054960729e-09,False
600,1.5,7.75,29.31590666,1.826862217e-09,False
600,1.5,7.875,29.31590666,1.085005863e-09,False
600,1.5,8,29.31590666,6.397229413e-10,False
600,1.5,8.125,29.31590666,3.741256194e-10,False
600,1.5,8.25,29.31590666,2.167190871e-10,False
600,1.5,8.375,29.31590666,1.241033942e-10,False
600,1.5,8.5,29.31590666,6.988898349e-11,False
600,1.5,8.625,29.31590666,3.835509688e-11,False
600,1.5,8.75,29.31590666,2.005862143e-11,False
600,1.5,8.875,29.31590666,9.631406783e-12,False
600,1.5,9,29.31590666,3.772981927e-12,False
600,1.5,9.125,29.31590666,4.227729278e-13,False
600,1.5,9.25,29.31590666,1.520561455e-12,False
600,1.5,9.375,29.31590666,2.56861199e-12,False
600,1.5,9.5,29.31590666,3.11928261e-12,False
600,1.5,9.625,29.31590666,3.417710559e-12,False
600,1.5,9.75,29.31590666,3.60245167e-12,False
600,1.5,9.875,29.31590666,3.666400517e-12,False
600,1.5,10,29.31590666,3.719691222e-12,True
600,1.5,10.125,29.31590666,3.712585794e-12,False
600,1.5,10.25,29.31590666,3.652189662e-12,False
600,1.5,10.375,29.31590666,3.609557098e-12,False
600,1.5,10.5,29.31590666,3.524291969e-12,False
600,1.5,10.625,29.31590666,3.478106692e-12,False
600,1.5,10.75,29.31590666,3.431921414e-12,False
600,1.5,10.875,29.31590666,3.25428573e-12,False
600,1.5,11,29.31590666,3.193889597e-12,False
600,1.5,11.125,29.31590666,3.115729896e-12,False
600,1.5,11.25,29.31590666,2.980726777e-12,False
600,1.5,11.375,29.31590666,2.838618229e-12,False
600,1.5,11.5,29.31590666,2.739142246e-12,False
600,1.5,11.625,29.31590666,2.515321285e-12,False
600,1.5,11.75,29.31590666,2.263078613e-12,False
600,1.5,11.875,29.31590666,1.918465387e-12,False
600,1.5,12,29.31590666,1.634248292e-12,False
600,1.5,12.125,29.31590666,1.296740493e-12,False
600,1.5,12.25,29.31590666,8.775202787e-13,False
600,1.5,12.375,29.31590666,4.725109193e-13,False
600,1.5,12.5,29.31590666,0,True
900,0,0,31.80485026,2.480552331,True
900,0,0.125,31.49869842,2.174400492,False
900,0,0.25,31.2237251,1.899427176,True
900,0,0.375,30.97775464,1.653456714,False
900,0,0.5,30.75864214,1.434344213,True
900,0,0.625,30.56427828,1.239980353,False
900,0,0.75,30.39259717,1.06829924,False
900,0,0.875,30.24158764,0.9172897196,False
900,0,1,30.10930737,0.7850094432,True
900,0,1.125,29.99389799,0.66960007,False
900,0,1.25,29.8935996,0.56930167,False
900,0,1.375,29.80676257,0.4824646476,False
900,0,1.5,29.73185605,0.4075581265,False
900,0,1.625,29.66747237,0.3431744472,False
900,0,1.75,29.61232793,0.2880300011,False
900,0,1.875,29.56526091,0.240962981,False
900,0,2,29.5252267,0.2009287729,False
900,0,2.125,29.49129162,0.1669936962,False
900,0,2.25,29.46262563,0.1383277081,False
900,0,2.375,29.43849448,0.1141965555,False
900,0,2.5,29.41825166,0.09395373597,True
900,0,2.625,29.40133045,0.07703252644,False
900,0,2.75,29.38723618,0.06293825585,False
900,0,2.875,29.37553886,0.05124093996,False
900,0,3,29.36586628,0.04156835232,False
900,0,3.125,29.3578975,0.03359957438,False
900,0,3.25,29.35135697,0.02705904497,False
900,0,3.375,29.34600904,0.02171111238,False
900,0,3.5,29.34165301,0.01735508063,False
900,0,3.625,29.33811866,0.01382073269,False
900,0,3.75,29.33526223,0.01096430779,False
900,0,3.875,29.33296283,0.008664906191,False
900,0,4,29.33111922,0.006821292725,False
900,0,4.125,29.32964699,0.005349069243,False
900,0,4.25,29.32847611,0.004178186269,False
900,0,4.375,29.32754869,0.003250764299,False
900,0,4.5,29.32681712,0.002519196166,False
900,0,4.625,29.32624243,0.001944502946,False
900,0,4.75,29.32579284,0.001494917187,False
900,0,4.875,29.32544259,0.001144668699,False
900,0,5,29.32517087,0.0008729497115,True
900,0,5.125,29.32496096,0.0006630378336,False
900,0,5.25,29.32479948,0.0005015569447,False
900,0,5.375,29.32467578,0.0003778578535,False
900,0,5.5,29.32458143,0.0002835022658,False
900,0,5.625,29.32450976,0.0002118352696,False
900,0,5.75,29.32445556,0.0001576331629,False
900,0,5.875,29.32441474,0.0001168149867,False
900,0,6,29.32438413,8.620756833e-05,False
900,0,6.125,29.32436128,6.335522243e-05,False
900,0,6.25,29.32434429,4.636647808e-05,False
900,0,6.375,29.32433172,3.379131348e-05,False
900,0,6.5,29.32432245,2.452336573e-05,False
900,0,6.625,29.32431565,1.7722461e-05,False
900,0,6.75,29.32431068,1.275357756e-05,False
900,0,6.875,29.32430706,9.139013866e-06,False
900,0,7,29.32430445,6.521108411e-06,False
900,0,7.125,29.32430256,4.633337426e-06,False
900,0,7.25,29.3243012,3.278028615e-06,False
900,0,7.375,29.32430023,2.309265874e-06,False
900,0,7.5,29.32429954,1.619846486e-06,True
900,0,7.625,29.32429906,1.13138131e-06,False
900,0,7.75,29.32429871,7.868213707e-07,False
900,0,7.875,29.32429847,5.448440348e-07,False
900,0,8,29.3242983,3.756595142e-07,False
900,0,8.125,29.32429818,2.57893273e-07,False
900,0,8.25,29.3242981,1.762814534e-07,False
900,0,8.375,29.32429804,1.199751516e-07,False
900,0,8.5,29.32429801,8.130022877e-08,False
900,0,8.625,29.32429798,5.485360077e-08,False
900,0,8.75,29.32429796,3.684925787e-08,False
900,0,8.875,29.32429795,2.46466243e-08,False
900,0,9,29.32429794,1.641299718e-08,False
900,0,9.125,29.32429794,1.088199397e-08,False
900,0,9.25,29.32429793,7.183082573e-09,False
900,0,9.375,29.32429793,4.720352109e-09,False
900,0,9.5,29.32429793,3.088054257e-09,False
900,0,9.625,29.32429793,2.010853706e-09,False
900,0,9.75,29.32429793,1.303153141e-09,False
900,0,9.875,29.32429793,8.402061269e-10,False
900,0,10,29.32429793,5.388436364e-10,True
900,0,10.125,29.32429793,3.435012275e-10,False
900,0,10.25,29.32429793,2.175681857e-10,False
900,0,10.375,29.32429793,1.366089464e-10,False
900,0,10.5,29.32429793,8.487432979e-11,False
900,0,10.625,29.32429793,5.198685926e-11,False
900,0,10.75,29.32429793,3.122124781e-11,False
900,0,10.875,29.32429793,1.810107619e-11,False
900,0,11,29.32429792,9.944045587e-12,False
900,0,11.125,29.32429792,4.888534022e-12,False
900,0,11.25,29.32429792,1.758593271e-12,False
900,0,11.375,29.32429792,3.552713679e-15,False
900,0,11.5,29.32429792,1.001865257e-12,False
900,0,11.625,29.32429792,1.442401754e-12,False
900,0,11.75,29.32429792,1.630695579e-12,False
900,0,11.875,29.32429792,1.634248292e-12,False
900,0,12,29.32429792,1.492139745e-12,False
900,0,12.125,29.32429792,1.23634436e-12,False
900,0,12.25,29.32429792,9.414691249e-13,False
900,0,12.375,29.32429792,4.583000646e-13,False
900,0,12.5,29.32429792,0,True
900,1.5,0,32.53594365,1.919809248,True
900,1.5,0.125,32.29121299,1.675078591,False
900,1.5,0.25,32.07328699,1.457152591,True
900,1.5,0.375,31.87983095,1.263696544,False
900,1.5,0.5,31.70866154,1.09252714,True
900,1.5,0.625,31.55773362,0.9415992203,False
900,1.5,0.75,31.4251275,0.8089930984,False
900,1.5,0.875,31.30904014,0.6929057409,False
900,1.5,1,31.20778094,0.5916465341,True
900,1.5,1.125,31.11977104,0.5036366386,False
900,1.5,1.25,31.04354458,0.4274101819,False
900,1.5,1.375,30.97774995,0.3616155527,False
900,1.5,1.5,30.92114995,0.3050155524,False
900,1.5,1.625,30.87262018,0.2564857771,False
900,1.5,1.75,30.83114555,0.2150111473,False
900,1.5,1.875,30.79581525,0.1796808448,False
900,1.5,2,30.76581648,0.1496820818,False
900,1.5,2.125,30.74042754,0.1242931435,False
900,1.5,2.25,30.71901049,0.1028760898,False
900,1.5,2.375,30.70100381,0.08486941127,False
900,1.5,2.5,30.68591525,0.06978085212,True
900,1.5,2.625,30.67331494,0.05718053538,False
900,1.5,2.75,30.66282888,0.04669447701,False
900,1.5,2.875,30.65413294,0.03799853456,False
900,1.5,3,30.64694721,0.03081281196,False
900,1.5,3.125,30.64103093,0.02489652439,False
900,1.5,3.25,30.63617772,0.02004331543,False
900,1.5,3.375,30.63221141,0.01607701129,False
900,1.5,3.5,30.62898219,0.01284779117,False
900,1.5,3.625,30.62636315,0.01022874993,False
900,1.5,3.75,30.62424723,0.008112827052,False
900,1.5,3.875,30.62254448,0.006410075292,False
900,1.5,4,30.62117964,0.00504524222,False
900,1.5,4.125,30.62009004,0.003955638384,False
900,1.5,4.25,30.61922367,0.00308926672,False
900,1.5,4.375,30.61853759,0.002403188858,False
900,1.5,4.5,30.61799651,0.001862105204,False
900,1.5,4.625,30.61757153,0.001437126951,False
900,1.5,4.75,30.61723912,0.001104719499,False
900,1.5,4.875,30.6169802,0.0008457981243,False
900,1.5,5,30.61677936,0.0006449580877,True
900,1.5,5.125,30.61662422,0.0004898227673,False
900,1.5,5.25,30.6165049,0.0003704947557,False
900,1.5,5.375,30.6164135,0.0002790962278,False
900,1.5,5.5,30.61634379,0.0002093862092,False
900,1.5,5.625,30.61629084,0.0001564436652,False
900,1.5,5.75,30.61625081,0.0001164065599,False
900,1.5,5.875,30.61622066,8.625820444e-05,False
900,1.5,6,30.61619805,6.365330063e-05,False
900,1.5,6.125,30.61618118,4.677709117e-05,False
900,1.5,6.25,30.61616863,3.423194887e-05,False
900,1.5,6.375,30.61615935,2.49465606e-05,False
900,1.5,6.5,30.6161525,1.810360394e-05,False
900,1.5,6.625,30.61614748,1.308246367e-05,False
900,1.5,6.75,30.61614382,9.414108128e-06,False
900,1.5,6.875,30.61614115,6.745733273e-06,False
900,1.5,7,30.61613921,4.813210708e-06,False
900,1.5,7.125,30.61613782,3.41973076e-06,False
900,1.5,7.25,30.61613682,2.419335519e-06,False
900,1.5,7.375,30.61613611,1.704289723e-06,False
900,1.5,7.5,30.6161356,1.195446501e-06,True
900,1.5,7.625,30.61613524,8.349351788e-07,False
900,1.5,7.75,30.61613498,5.80641359e-07,False
900,1.5,7.875,30.6161348,4.02061584e-07,False
900,1.5,8,30.61613468,2.772066345e-07,False
900,1.5,8.125,30.61613459,1.902997617e-07,False
900,1.5,8.25,30.61613453,1.300749943e-07,False
900,1.5,8.375,30.61613449,8.85254039e-08,False
900,1.5,8.5,30.61613446,5.998703045e-08,False
900,1.5,8.625,30.61613444,4.047238278e-08,False
900,1.5,8.75,30.61613443,2.718734393e-08,False
900,1.5,8.875,30.61613442,1.818356665e-08,False
900,1.5,9,30.61613441,1.210849732e-08,False
900,1.5,9.125,30.61613441,8.027598142e-09,False
900,1.5,9.25,30.61613441,5.298442574e-09,False
900,1.5,9.375,30.6161344,3.481446242e-09,False
900,1.5,9.5,30.6161344,2.277101174e-09,False
900,1.5,9.625,30.6161344,1.482408862e-09,False
900,1.5,9.75,30.6161344,9.602985074e-10,False
900,1.5,9.875,30.6161344,6.18843643e-10,False
900,1.5,10,30.6161344,3.965361373e-10,True
900,1.5,10.125,30.6161344,2.524416232e-10,False
900,1.5,10.25,30.6161344,1.595203969e-10,False
900,1.5,10.375,30.6161344,9.979927995e-11,False
900,1.5,10.5,30.6161344,6.165024047e-11,False
900,1.5,10.625,30.6161344,3.738165333e-11,False
900,1.5,10.75,30.6161344,2.204814109e-11,False
900,1.5,10.875,30.6161344,1.250555215e-11,False
900,1.5,11,30.6161344,6.487255177e-12,False
900,1.5,11.125,30.6161344,2.781774811e-12,False
900,1.5,11.25,30.6161344,5.613287613e-13,False
900,1.5,11.375,30.6161344,7.709388683e-13,False
900,1.5,11.5,30.6161344,1.524114168e-12,False
900,1.5,11.625,30.6161344,1.85451654e-12,False
900,1.5,11.75,30.6161344,1.939781669e-12,False
900,1.5,11.875,30.6161344,1.779909553e-12,False
900,1.5,12,30.6161344,1.630695579e-12,False
900,1.5,12.125,30.6161344,1.321609489e-12,False
900,1.5,12.25,30.6161344,9.023892744e-13,False
900,1.5,12.375,30.6161344,4.831690603e-13,False
900,1.5,12.5,30.6161344,0,True
1200,0,0,33.64748286,3.104762751,True
1200,0,0.125,33.29844418,2.755724071,False
1200,0,0.25,32.9835881,2.44086799,True
1200,0,0.375,32.70018367,2.157463564,False
1200,0,0.5,32.44566477,1.902944659,True
1200,0,0.625,32.21761944,1.674899327,False
1200,0,0.75,32.0137776,1.471057494,False
1200,0,0.875,31.83200144,1.289281328,False
1200,0,1,31.67028027,1.127560163,True
1200,0,1.125,31.52672958,0.9840094665,False
1200,0,1.25,31.39959201,0.856871898,False
1200,0,1.375,31.28723837,0.7445182651,False
1200,0,1.5,31.18816693,0.6454468221,False
1200,0,1.625,31.10100038,0.5582802687,False
1200,0,1.75,31.0244807,0.4817605882,False
1200,0,1.875,30.95746243,0.4147423202,False
1200,0,2,30.8989051,0.3561849881,False
1200,0,2.125,30.84786541,0.3051453043,False
1200,0,2.25,30.8034897,0.2607695886,False
1200,0,2.375,30.76500674,0.2222866348,False
1200,0,2.5,30.73172122,0.1890011113,True
1200,0,2.625,30.70300759,0.1602874812,False
1200,0,2.75,30.6783045,0.1355843871,False
1200,0,2.875,30.65710954,0.1143894292,False
1200,0,3,30.63897439,0.09625427899,False
1200,0,3.125,30.62350019,0.08078008172,False
1200,0,3.25,30.61033323,0.06761312065,False
1200,0,3.375,30.59916084,0.05644072622,False
1200,0,3.5,30.58970753,0.04698742326,False
1200,0,3.625,30.58173142,0.03901131382,False
1200,0,3.75,30.5750208,0.03230069497,False
1200,0,3.875,30.56939102,0.02667091118,False
1200,0,4,30.56468155,0.02196143946,False
1200,0,4.125,30.56075331,0.01803320387,False
1200,0,4.25,30.55748622,0.0147661142,False
1200,0,4.375,30.55477693,0.0120568215,False
1200,0,4.5,30.55253679,0.009816681859,False
1200,0,4.625,30.55069003,0.007969918252,False
1200,0,4.75,30.54917208,0.006451969267,False
1200,0,4.875,30.54792812,0.005208012835,False
1200,0,5,30.54691176,0.004191652569,True
1200,0,5.125,30.54608386,0.003363754151,False
1200,0,5.25,30.54541153,0.002691419252,False
1200,0,5.375,30.54486719,0.002147084697,False
1200,0,5.5,30.54442784,0.001707735004,False
1200,0,5.625,30.54407433,0.001354216954,False
1200,0,5.75,30.54379075,0.001070645469,False
1200,0,5.875,30.543564,0.0008438907707,False
1200,0,6,30.54338325,0.0006631375225,False
1200,0,6.125,30.54323962,0.0005195073823,False
1200,0,6.25,30.54312585,0.0004057371705,False
1200,0,6.375,30.54303601,0.000315905558,False
1200,0,6.5,30.54296531,0.0002452018978,False
1200,0,6.625,30.54290984,0.0001897314858,False
1200,0,6.75,30.54286646,0.0001463521714,False
1200,0,6.875,30.54283265,0.0001125378204,False
1200,0,7,30.54280637,8.626467506e-05,False
1200,0,7.125,30.54278603,6.59171527e-05,False
1200,0,7.25,30.54277032,5.021007063e-05,False
1200,0,7.375,30.54275823,3.8124691e-05,False
1200,0,7.5,30.54274897,2.885634156e-05,True
1200,0,7.625,30.54274188,2.177168924e-05,False
1200,0,7.75,30.54273648,1.637402803e-05,False
1200,0,7.875,30.54273238,1.227519028e-05,False
1200,0,8,30.54272928,9.172909529e-06,False
1200,0,8.125,30.54272694,6.832649412e-06,False
1200,0,8.25,30.54272518,5.073076224e-06,False
1200,0,8.375,30.54272386,3.754490308e-06,False
1200,0,8.5,30.54272288,2.769651569e-06,False
1200,0,8.625,30.54272215,2.036531114e-06,False
1200,0,8.75,30.5427216,1.49260859e-06,False
1200,0,8.875,30.5427212,1.090402776e-06,False
1200,0,9,30.5427209,7.939828741e-07,False
1200,0,9.125,30.54272069,5.762557045e-07,False
1200,0,9.25,30.54272053,4.168653156e-07,False
1200,0,9.375,30.54272041,3.005720153e-07,False
1200,0,9.5,30.54272032,2.160076029e-07,False
1200,0,9.625,30.54272026,1.547215369e-07,False
1200,0,9.75,30.54272022,1.104551295e-07,False
1200,0,9.875,30.54272019,7.858942297e-08,False
1200,0,10,30.54272016,5.572769979e-08,True
1200,0,10.125,30.54272015,3.938107085e-08,False
1200,0,10.25,30.54272014,2.77323835e-08,False
1200,0,10.375,30.54272013,1.94593035e-08,False
1200,0,10.5,30.54272012,1.360354673e-08,False
1200,0,10.625,30.54272012,9.472813645e-09,False
1200,0,10.75,30.54272012,6.568793509e-09,False
1200,0,10.875,30.54272011,4.534136622e-09,False
1200,0,11,30.54272011,3.113402869e-09,False
1200,0,11.125,30.54272011,2.124757259e-09,False
1200,0,11.25,30.54272011,1.4391901e-09,False
1200,0,11.375,30.54272011,9.655316546e-10,False
1200,0,11.5,30.54272011,6.395595165e-10,False
1200,0,11.625,30.54272011,4.161826439e-10,False
1200,0,11.75,30.54272011,2.639062302e-10,False
1200,0,11.875,30.54272011,1.608135847e-10,False
1200,0,12,30.54272011,9.19158083e-11,False
1200,0,12.125,30.54272011,4.699529654e-11,False
1200,0,12.25,30.54272011,1.918820658e-11,False
1200,0,12.375,30.54272011,4.387601393e-12,False
1200,0,12.5,30.54272011,0,True
1200,1.5,0,34.49392428,2.381372107,True
1200,1.5,0.125,34.21620188,2.10364971,False
1200,1.5,0.25,33.96803492,1.855482746,True
1200,1.5,0.375,33.74652037,1.633968204,False
1200,1.5,0.5,33.54904363,1.436491461,True
1200,1.5,0.625,33.37324778,1.260695606,False
1200,1.5,0.75,33.21699925,1.104447085,False
1200,1.5,0.875,33.0783573,0.965805133,False
1200,1.5,1,32.95555044,0.8429982692,True
1200,1.5,1.125,32.84695997,0.7344077989,False
1200,1.5,1.25,32.75110855,0.6385563834,False
1200,1.5,1.375,32.66665145,0.554099283,False
1200,1.5,1.5,32.59236855,0.4798163809,False
1200,1.5,1.625,32.52715613,0.4146039564,False
1200,1.5,1.75,32.47001811,0.3574659435,False
1200,1.5,1.875,32.42005706,0.3075048937,False
1200,1.5,2,32.37646521,0.2639130367,False
1200,1.5,2.125,32.33851598,0.2259638058,False
1200,1.5,2.25,32.30555623,0.1930040617,False
1200,1.5,2.375,32.27699928,0.1644471113,False
1200,1.5,2.5,32.25231867,0.1397665029,True
1200,1.5,2.625,32.23104269,0.118490516,False
1200,1.5,2.75,32.21274941,0.1001972369,False
1200,1.5,2.875,32.19706228,0.08451011518,False
1200,1.5,3,32.18364608,0.07109391067,False
1200,1.5,3.125,32.17220313,0.0596509629,False
1200,1.5,3.25,32.1624699,0.04991773537,False
1200,1.5,3.375,32.15421377,0.04166160214,False
1200,1.5,3.5,32.14723003,0.03467785656,False
1200,1.5,3.625,32.1413391,0.02878692883,False
1200,1.5,3.75,32.13638397,0.02383180367,False
1200,1.5,3.875,32.1322278,0.0196756315,False
1200,1.5,4,32.1287517,0.01619952684,False
1200,1.5,4.125,32.12585272,0.01330054801,False
1200,1.5,4.25,32.12344202,0.01088985137,False
1200,1.5,4.375,32.12144318,0.008891012615,False
1200,1.5,4.5,32.11979068,0.007238507153,False
1200,1.5,4.625,32.11842851,0.005876340799,False
1200,1.5,4.75,32.11730899,0.004756821532,False
1200,1.5,4.875,32.11639163,0.003839462836,False
1200,1.5,5,32.11564218,0.003090008877,True
1200,1.5,5.125,32.11503174,0.002479571824,False
1200,1.5,5.25,32.11453604,0.001983871724,False
1200,1.5,5.375,32.11413474,0.001582569612,False
1200,1.5,5.5,32.11381085,0.001258684884,False
1200,1.5,5.625,32.11355026,0.0009980884203,False
1200,1.5,5.75,32.11334123,0.0007890634187,False
1200,1.5,5.875,32.1131741,0.0006219264569,False
1200,1.5,6,32.11304087,0.0004887018444,False
1200,1.5,6.125,32.11293501,0.0003828429038,False
1200,1.5,6.25,32.11285116,0.0002989943745,False
1200,1.5,6.375,32.11278496,0.0002327906842,False
1200,1.5,6.5,32.11273285,0.0001806853598,False
1200,1.5,6.625,32.11269198,0.0001398073459,False
1200,1.5,6.75,32.11266001,0.0001078404726,False
1200,1.5,6.875,32.11263509,8.292274561e-05,False
1200,1.5,7,32.11261573,6.356253569e-05,False
1200,1.5,7.125,32.11260074,4.856911171e-05,False
1200,1.5,7.25,32.11258916,3.699529227e-05,False
1200,1.5,7.375,32.11258026,2.809029161e-05,False
1200,1.5,7.5,32.11257343,2.126110413e-05,True
1200,1.5,7.625,32.11256821,1.604100675e-05,False
1200,1.5,7.75,32.11256423,1.206397054e-05,False
1200,1.5,7.875,32.11256121,9.043956879e-06,False
1200,1.5,8,32.11255893,6.758232303e-06,False
1200,1.5,8.125,32.1125572,5.033975832e-06,False
1200,1.5,8.25,32.11255591,3.73757193e-06,False
1200,1.5,8.375,32.11255494,2.76608521e-06,False
1200,1.5,8.5,32.11255421,2.040498416e-06,False
1200,1.5,8.625,32.11255367,1.500371759e-06,False
1200,1.5,8.75,32.11255327,1.099640073e-06,False
1200,1.5,8.875,32.11255297,8.033198569e-07,False
1200,1.5,9,32.11255275,5.849378155e-07,False
1200,1.5,9.125,32.11255259,4.24532459e-07,False
1200,1.5,9.25,32.11255248,3.071060917e-07,False
1200,1.5,9.375,32.11255239,2.214309447e-07,False
1200,1.5,9.5,32.11255233,1.59131254e-07,False
1200,1.5,9.625,32.11255228,1.139813932e-07,False
1200,1.5,9.75,32.11255225,8.13701817e-08,False
1200,1.5,9.875,32.11255223,5.789480895e-08,False
1200,1.5,10,32.11255221,4.105273632e-08,True
1200,1.5,10.125,32.1125522,2.901031593e-08,False
1200,1.5,10.25,32.11255219,2.042880709e-08,False
1200,1.5,10.375,32.11255218,1.433416941e-08,False
1200,1.5,10.5,32.11255218,1.002040761e-08,False
1200,1.5,10.625,32.11255218,6.977387557e-09,False
1200,1.5,10.75,32.11255217,4.838028644e-09,False
1200,1.5,10.875,32.11255217,3.339238219e-09,False
1200,1.5,11,32.11255217,2.292644297e-09,False
1200,1.5,11.125,32.11255217,1.564330887e-09,False
1200,1.5,11.25,32.11255217,1.059362376e-09,False
1200,1.5,11.375,32.11255217,7.104290489e-10,False
1200,1.5,11.5,32.11255217,4.702727097e-10,False
1200,1.5,11.625,32.11255217,3.057252229e-10,False
1200,1.5,11.75,32.11255217,1.935873684e-10,False
1200,1.5,11.875,32.11255217,1.178079856e-10,False
1200,1.5,12,32.11255217,6.716760481e-11,False
1200,1.5,12.125,32.11255217,3.418421102e-11,False
1200,1.5,12.25,32.11255217,1.391242677e-11,False
1200,1.5,12.375,32.11255217,3.083755473e-12,False
1200,1.5,12.5,32.11255217,0,True
1500,0,0,35.4833266,3.487607071,True
1500,0,0.125,35.13919467,3.143475139,False
1500,0,0.25,34.82080527,2.825085743,True
1500,0,0.375,34.52789742,2.532177892,False
1500,0,0.5,34.2598082,2.264088669,True
1500,0,0.625,34.01554074,2.019821216,False
1500,0,0.75,33.79385025,1.798130723,False
1500,0,0.875,33.59333164,1.597612118,False
1500,0,1,33.4124972,1.416777678,True
1500,0,1.125,33.24983818,1.254118658,False
1500,0,1.25,33.10386957,1.108150042,False
1500,0,1.375,32.97316005,0.9774405264,False
1500,0,1.5,32.85635055,0.8606310211,False
1500,0,1.625,32.75216439,0.75644486,False
1500,0,1.75,32.65941186,0.6636923321,False
1500,0,1.875,32.57699096,0.5812714304,False
1500,0,2,32.50388568,0.5081661526,False
1500,0,2.125,32.4391628,0.4434432703,False
1500,0,2.25,32.38196772,0.3862481953,False
1500,0,2.375,32.3315199,0.3358003774,False
1500,0,2.5,32.28710805,0.2913885238,True
1500,0,2.625,32.24808536,0.2523658291,False
1500,0,2.75,32.21386486,0.2181453291,False
1500,0,2.875,32.18391497,0.1881954423,False
1500,0,3,32.15775525,0.1620357282,False
1500,0,3.125,32.1349524,0.1392328702,False
1500,0,3.25,32.11511641,0.1193968853,False
1500,0,3.375,32.09789708,0.1021775514,False
1500,0,3.5,32.08298057,0.08726104834,False
1500,0,3.625,32.07008633,0.07436680436,False
1500,0,3.75,32.05896407,0.06324454267,False
1500,0,3.875,32.04939105,0.05367152251,False
1500,0,4,32.0411695,0.0454499689,False
1500,0,4.125,32.03412421,0.03840468548,False
1500,0,4.25,32.02810037,0.0323808439,False
1500,0,4.375,32.02296147,0.02724194308,False
1500,0,4.5,32.01858746,0.02286793077,False
1500,0,4.625,32.01487301,0.01915347969,False
1500,0,4.75,32.01172594,0.01600641018,False
1500,0,4.875,32.00906578,0.01334625097,False
1500,0,5,32.00682246,0.0111029298,True
1500,0,5.125,32.00493511,0.009215585715,False
1500,0,5.25,32.00335102,0.007631494642,False
1500,0,5.375,32.00202463,0.00630510058,False
1500,0,5.5,32.00091667,0.00519714444,False
1500,0,5.625,31.99999341,0.004273883175,False
1500,0,5.75,31.99922592,0.003506391973,False
1500,0,5.875,31.99858947,0.002869942642,False
1500,0,6,31.99806298,0.00234345162,False
1500,0,6.125,31.99762852,0.001908991388,False
1500,0,6.25,31.99727089,0.001551359392,False
1500,0,6.375,31.99697723,0.00125769895,False
1500,0,6.5,31.99673669,0.001017166961,False
1500,0,6.625,31.99654017,0.0008206435841,False
1500,0,6.75,31.99638001,0.0006604794283,False
1500,0,6.875,31.9962498,0.0005302761228,False
1500,0,7,31.99614422,0.0004246964821,False
1500,0,7.125,31.99605883,0.0003393008146,False
1500,0,7.25,31.99598993,0.0002704062332,False
1500,0,7.375,31.99593449,0.0002149661304,False
1500,0,7.5,31.99588999,0.0001704672611,True
1500,0,7.625,31.99585437,0.0001348421478,False
1500,0,7.75,31.99582592,0.0001063947662,False
1500,0,7.875,31.99580326,8.373770149e-05,False
1500,0,8,31.99578527,6.573917629e-05,False
1500,0,8.125,31.995771,5.147854121e-05,False
1500,0,8.25,31.99575974,4.020899774e-05,False
1500,0,8.375,31.99575085,3.13264766e-05,False
1500,0,8.5,31.99574387,2.434373944e-05,False
1500,0,8.625,31.9957384,1.886889446e-05,False
1500,0,8.75,31.99573411,1.458763117e-05,False
1500,0,8.875,31.99573078,1.124857742e-05,False
1500,0,9,31.99572818,8.651267734e-06,False
1500,0,9.125,31.99572616,6.636288646e-06,False
1500,0,9.25,31.9957246,5.077233229e-06,False
1500,0,9.375,31.9957234,3.874153141e-06,False
1500,0,9.5,31.99572247,2.948246106e-06,False
1500,0,9.625,31.99572176,2.237559269e-06,False
1500,0,9.75,31.99572122,1.693526343e-06,False
1500,0,9.875,31.9957208,1.278184005e-06,False
1500,0,10,31.99572049,9.619419359e-07,True
1500,0,10.125,31.99572025,7.218023761e-07,False
1500,0,10.25,31.99572007,5.399427252e-07,False
1500,0,10.375,31.99571993,4.025901497e-07,False
1500,0,10.5,31.99571983,2.991328678e-07,False
1500,0,10.625,31.99571975,2.214174586e-07,False
1500,0,10.75,31.99571969,1.631978286e-07,False
1500,0,10.875,31.99571965,1.197026123e-07,False
1500,0,11,31.99571961,8.729786671e-08,False
1500,0,11.125,31.99571959,6.322411394e-08,False
1500,0,11.25,31.99571957,4.53921416e-08,False
1500,0,11.375,31.99571956,3.222542588e-08,False
1500,0,11.5,31.99571955,2.25382486e-08,False
1500,0,11.625,31.99571954,1.544237094e-08,False
1500,0,11.75,31.99571954,1.02756843e-08,False
1500,0,11.875,31.99571953,6.547800524e-09,False
1500,0,12,31.99571953,3.899494061e-09,False
1500,0,12.125,31.99571953,2.071612215e-09,False
1500,0,12.25,31.99571953,8.83087381e-10,False
1500,0,12.375,31.99571953,2.150741807e-10,False
1500,0,12.5,31.99571953,0,True
1500,1.5,0,36.38953722,2.643264308,True
1500,1.5,0.125,36.12197757,2.375704651,False
1500,1.5,0.25,35.87566858,2.129395667,True
1500,1.5,0.375,35.65015516,1.903882246,False
1500,1.5,0.5,35.44468859,1.698415676,True
1500,1.5,0.625,35.25828207,1.512009158,False
1500,1.5,0.75,35.08978071,1.343507797,False
1500,1.5,0.875,34.9379322,1.191659286,False
1500,1.5,1,34.8014482,1.05517528,True
1500,1.5,1.125,34.67905151,0.9327785912,False
1500,1.5,1.25,34.56950867,0.8232357518,False
1500,1.5,1.375,34.47165007,0.7253771567,False
1500,1.5,1.5,34.38438078,0.6381078674,False
1500,1.5,1.625,34.30668494,0.5604120207,False
1500,1.5,1.75,34.23762604,0.4913531258,False
1500,1.5,1.875,34.17634477,0.4300718578,False
1500,1.5,2,34.12205532,0.375782408,False
1500,1.5,2.125,34.074041,0.3277680803,False
1500,1.5,2.25,34.03164949,0.28537657,False
1500,1.5,2.375,33.99428812,0.2480152051,False
1500,1.5,2.5,33.96141924,0.2151463227,True
1500,1.5,2.625,33.93255579,0.186282874,False
1500,1.5,2.75,33.90725722,0.1609843065,False
1500,1.5,2.875,33.88512565,0.1388527332,False
1500,1.5,3,33.8658023,0.1195293824,False
1500,1.5,3.125,33.84896422,0.102691309,False
1500,1.5,3.25,33.83432126,0.08804834717,False
1500,1.5,3.375,33.8216132,0.07534028248,False
1500,1.5,3.5,33.81060714,0.0643342261,False
1500,1.5,3.625,33.80109509,0.05482217534,False
1500,1.5,3.75,33.79289166,0.04661874828,False
1500,1.5,3.875,33.785832,0.03955908213,False
1500,1.5,4,33.7797698,0.03349688632,False
1500,1.5,4.125,33.77457556,0.02830264266,False
1500,1.5,4.25,33.77013486,0.0238619449,False
1500,1.5,4.375,33.76634689,0.02007397054,False
1500,1.5,4.5,33.76312299,0.01685007803,False
1500,1.5,4.625,33.76038544,0.01411252197,False
1500,1.5,4.75,33.7580662,0.01179327976,False
1500,1.5,4.875,33.7561059,0.00983298253,False
1500,1.5,5,33.75445286,0.008179943837,True
1500,1.5,5.125,33.7530622,0.006789279432,False
1500,1.5,5.25,33.75189503,0.005622111866,False
1500,1.5,5.375,33.75091777,0.004644853685,False
1500,1.5,5.5,33.75010148,0.003828563369,False
1500,1.5,5.625,33.74942128,0.003148368303,False
1500,1.5,5.75,33.74885586,0.002582949376,False
1500,1.5,5.875,33.748387,0.002114082033,False
1500,1.5,6,33.74799914,0.00172622886,False
1500,1.5,6.125,33.74767909,0.001406179076,False
1500,1.5,6.25,33.74741565,0.001142730529,False
1500,1.5,6.375,33.74719933,0.0009264100984,False
1500,1.5,6.5,33.74702214,0.0007492286588,False
1500,1.5,6.625,33.74687738,0.0006044670264,False
1500,1.5,6.75,33.74675941,0.0004864895861,False
1500,1.5,6.875,33.7466635,0.0003905825422,False
1500,1.5,7,33.74658573,0.0003128140014,False
1500,1.5,7.125,33.74652283,0.0002499133323,False
1500,1.5,7.25,33.74647208,0.0001991674867,False
1500,1.5,7.375,33.74643125,0.0001583321847,False
1500,1.5,7.5,33.74639847,0.0001255560812,True
1500,1.5,7.625,33.74637223,9.931622442e-05,False
1500,1.5,7.75,33.74635128,7.836330222e-05,False
1500,1.5,7.875,33.74633459,6.167534199e-05,False
1500,1.5,8,33.74632133,4.841868429e-05,False
1500,1.5,8.125,33.74631083,3.791519307e-05,False
1500,1.5,8.25,33.74630253,2.961479365e-05,False
1500,1.5,8.375,33.74629599,2.307254706e-05,False
1500,1.5,8.5,33.74629085,1.7929571e-05,False
1500,1.5,8.625,33.74628681,1.389721462e-05,False
1500,1.5,8.75,33.74628366,1.074397181e-05,False
1500,1.5,8.875,33.7462812,8.28469522e-06,False
1500,1.5,9,33.74627929,6.371733491e-06,False
1500,1.5,9.125,33.7462778,4.887672397e-06,False
1500,1.5,9.25,33.74627666,3.739408875e-06,False
1500,1.5,9.375,33.74627577,2.853327963e-06,False
1500,1.5,9.5,33.74627509,2.171389482e-06,False
1500,1.5,9.625,33.74627456,1.647963877e-06,False
1500,1.5,9.75,33.74627416,1.247280885e-06,False
1500,1.5,9.875,33.74627386,9.41379831e-07,False
1500,1.5,10,33.74627362,7.084668638e-07,True
1500,1.5,10.125,33.74627345,5.316039093e-07,False
1500,1.5,10.25,33.74627331,3.976642802e-07,False
1500,1.5,10.375,33.74627321,2.965044104e-07,False
1500,1.5,10.5,33.74627314,2.203084364e-07,False
1500,1.5,10.625,33.74627308,1.630713484e-07,False
1500,1.5,10.75,33.74627304,1.201927944e-07,False
1500,1.5,10.875,33.746273,8.815893437e-08,False
1500,1.5,11,33.74627298,6.429309707e-08,False
1500,1.5,11.125,33.74627296,4.656296682e-08,False
1500,1.5,11.25,33.74627295,3.342992727e-08,False
1500,1.5,11.375,33.74627294,2.373273844e-08,False
1500,1.5,11.5,33.74627293,1.659822146e-08,False
1500,1.5,11.625,33.74627293,1.137219385e-08,False
1500,1.5,11.75,33.74627292,7.56701013e-09,False
1500,1.5,11.875,33.74627292,4.821700372e-09,False
1500,1.5,12,33.74627292,2.871310301e-09,False
1500,1.5,12.125,33.74627292,1.525279458e-09,False
1500,1.5,12.25,33.74627292,6.501394978e-10,False
1500,1.5,12.375,33.74627292,1.582520781e-10,False
1500,1.5,12.5,33.74627292,0,True
1800,0,0,37.27053287,3.695190399,True
1800,0,0.125,36.91819305,3.34285058,False
1800,0,0.25,36.59579704,3.020454573,True
1800,0,0.375,36.30136389,2.726021419,False
1800,0,0.5,36.03287985,2.457537384,True
1800,0,0.625,35.78834598,2.213003512,False
1800,0,0.75,35.56582803,1.990485566,False
1800,0,0.875,35.36349758,1.788155116,False
1800,0,1,35.17965786,1.604315393,True
1800,0,1.125,35.01275354,1.437411076,False
1800,0,1.25,34.86136758,1.286025108,False
1800,0,1.375,34.72420985,1.148867383,False
1800,0,1.5,34.6001024,1.024759928,False
1800,0,1.625,34.48796444,0.9126219771,False
1800,0,1.75,34.38679934,0.8114568695,False
1800,0,1.875,34.29568399,0.7203415208,False
1800,0,2,34.21376089,0.6384184217,False
1800,0,2.125,34.14023221,0.5648897407,False
1800,0,2.25,34.07435545,0.4990129862,False
1800,0,2.375,34.01544019,0.4400977196,False
1800,0,2.5,33.96284538,0.3875029097,True
1800,0,2.625,33.91597711,0.3406346374,False
1800,0,2.75,33.87428642,0.2989439566,False
1800,0,2.875,33.83726727,0.2619247998,False
1800,0,3,33.80445434,0.2291118696,False
1800,0,3.125,33.77542096,0.2000784965,False
1800,0,3.25,33.74977693,0.1744344652,False
1800,0,3.375,33.72716629,0.1518238213,False
1800,0,3.5,33.70726515,0.131922681,False
1800,0,3.625,33.68977953,0.1144370611,False
1800,0,3.75,33.67444322,0.09910075242,False
1800,0,3.875,33.66101572,0.08567325077,False
1800,0,4,33.64928023,0.07393776267,False
1800,0,4.125,33.63904176,0.06369929531,False
1800,0,4.25,33.63012531,0.05478284001,False
1800,0,4.375,33.62237412,0.04703165459,False
1800,0,4.5,33.61564812,0.04030564794,False
1800,0,4.625,33.60982234,0.03447986811,False
1800,0,4.75,33.60478556,0.0294430933,False
1800,0,4.875,33.60043899,0.02509652398,False
1800,0,5,33.59669504,0.02135257336,True
1800,0,5.125,33.59347622,0.01813375236,False
1800,0,5.25,33.59071411,0.01537164499,False
1800,0,5.375,33.58834844,0.01300596949,False
1800,0,5.5,33.58632619,0.01098372046,False
1800,0,5.625,33.58460085,0.009258387037,False
1800,0,5.75,33.58313171,0.007789242238,False
1800,0,5.875,33.58188317,0.006540698598,False
1800,0,6,33.58082419,0.005481725401,False
1800,0,6.125,33.57992779,0.004585322904,False
1800,0,6.25,33.57917052,0.003828049147,False
1800,0,6.375,33.57853206,0.003189595161,False
1800,0,6.5,33.57799487,0.002652404557,False
1800,0,6.625,33.5775438,0.002201333712,False
1800,0,6.75,33.57716582,0.001823348982,False
1800,0,6.875,33.57684973,0.001507257592,False
1800,0,7,33.57658594,0.001243469059,False
1800,0,7.125,33.57636625,0.00102378423,False
1800,0,7.25,33.57618368,0.0008412092176,False
1800,0,7.375,33.57603226,0.0006897917146,False
1800,0,7.5,33.57590695,0.0005644773755,True
1800,0,7.625,33.57580345,0.0004609841316,False
1800,0,7.75,33.57571816,0.0003756924869,False
1800,0,7.875,33.57564802,0.0003055500167,False
1800,0,8,33.57559046,0.0002479884479,False
1800,0,8.125,33.57554332,0.0002008518531,False
1800,0,8.25,33.5755048,0.000162334635,False
1800,0,8.375,33.5754734,0.000130928106,False
1800,0,8.5,33.57544784,0.0001053745963,False
1800,0,8.625,33.5754271,8.462813089e-05,False
1800,0,8.75,33.57541029,6.782082745e-05,False
1800,0,8.875,33.5753967,5.423425767e-05,False
1800,0,9,33.57538574,4.327510383e-05,False
1800,0,9.125,33.57537692,3.445452131e-05,False
1800,0,9.25,33.57536984,2.737068974e-05,False
1800,0,9.375,33.57536416,2.169409821e-05,False
1800,0,9.5,33.57535962,1.715517033e-05,False
1800,0,9.625,33.575356,1.353388303e-05,False
1800,0,9.75,33.57535312,1.065108272e-05,False
1800,0,9.875,33.57535083,8.361239345e-06,False
1800,0,10,33.57534901,6.546416081e-06,True
1800,0,10.125,33.57534758,5.111264564e-06,False
1800,0,10.25,33.57534645,3.97888234e-06,False
1800,0,10.375,33.57534556,3.087391853e-06,False
1800,0,10.5,33.57534486,2.387125143e-06,False
1800,0,10.625,33.57534431,1.83831019e-06,False
1800,0,10.75,33.57534388,1.409176875e-06,False
1800,0,10.875,33.57534354,1.074409631e-06,False
1800,0,11,33.57534328,8.138871337e-07,False
1800,0,11.125,33.57534308,6.116585354e-07,False
1800,0,11.25,33.57534292,4.551142325e-07,False
1800,0,11.375,33.5753428,3.343167094e-07,False
1800,0,11.5,33.57534271,2.414617626e-07,False
1800,0,11.625,33.57534264,1.704471373e-07,False
1800,0,11.75,33.57534258,1.165286108e-07,False
1800,0,11.875,33.57534254,7.604764107e-08,False
1800,0,12,33.57534251,4.621761462e-08,False
1800,0,12.125,33.57534249,2.495815465e-08,False
1800,0,12.25,33.57534248,1.0770286e-08,False
1800,0,12.375,33.57534247,2.644810593e-09,False
1800,0,12.5,33.57534247,0,True
1800,1.5,0,38.16132057,2.799199711,True
1800,1.5,0.125,37.8843524,2.522231546,False
1800,1.5,0.25,37.63313871,2.271017853,True
1800,1.5,0.375,37.40553278,2.043411923,False
1800,1.5,0.5,37.19946018,1.837339317,True
1800,1.5,0.625,37.01294809,1.650827237,False
1800,1.5,0.75,36.84415546,1.482034599,False
1800,1.5,0.875,36.69139559,1.329274736,False
1800,1.5,1,36.55314675,1.191025894,True
1800,1.5,1.125,36.42804988,1.065929017,False
1800,1.5,1.25,36.3148965,0.9527756465,False
1800,1.5,1.375,36.21261103,0.8504901722,False
1800,1.5,1.5,36.12023128,0.7581104263,False
1800,1.5,1.625,36.03689034,0.6747694776,False
1800,1.5,1.75,35.96180101,0.5996801479,False
1800,1.5,1.875,35.89424357,0.5321227119,False
1800,1.5,2,35.83355642,0.4714355664,False
1800,1.5,2.125,35.7791292,0.4170083367,False
1800,1.5,2.25,35.73039767,0.3682768113,False
1800,1.5,2.375,35.68684001,0.3247191557,False
1800,1.5,2.5,35.64797383,0.2858529676,True
1800,1.5,2.625,35.61335371,0.2512328529,False
1800,1.5,2.75,35.58256917,0.220448308,False
1800,1.5,2.875,35.55524263,0.1931217715,False
1800,1.5,3,35.53102762,0.1689067641,False
1800,1.5,3.125,35.50960694,0.1474860773,False
1800,1.5,3.25,35.49069085,0.1285699921,False
1800,1.5,3.375,35.47401538,0.1118945245,False
1800,1.5,3.5,35.45934056,0.09721970415,False
1800,1.5,3.625,35.44644875,0.08432789135,False
1800,1.5,3.75,35.435143,0.07302214449,False
1800,1.5,3.875,35.4252455,0.06312464455,False
1800,1.5,4,35.41659604,0.05447518513,False
1800,1.5,4.125,35.40905059,0.04692973371,False
1800,1.5,4.25,35.40247993,0.04035906843,False
1800,1.5,4.375,35.39676835,0.03464749318,False
1800,1.5,4.5,35.39181249,0.02969163208,False
1800,1.5,4.625,35.38752016,0.0253993037,False
1800,1.5,4.75,35.38380933,0.02168847353,False
1800,1.5,4.875,35.38060714,0.01848628317,False
1800,1.5,5,35.37784901,0.01572815346,True
1800,1.5,5.125,35.37547782,0.01335695861,False
1800,1.5,5.25,35.37344313,0.01132226788,False
1800,1.5,5.375,35.37170051,0.009579651229,False
1800,1.5,5.5,35.3702109,0.008090045285,False
1800,1.5,5.625,35.36894003,0.006819175774,False
1800,1.5,5.75,35.36785789,0.005737032772,False
1800,1.5,5.875,35.36693825,0.004817395091,False
1800,1.5,6,35.36615826,0.004037400257,False
1800,1.5,6.125,35.36549801,0.003377156645,False
1800,1.5,6.25,35.36494025,0.0028193945,False
1800,1.5,6.375,35.36447001,0.002349152704,False
1800,1.5,6.5,35.36407436,0.001953498312,False
1800,1.5,6.625,35.36374213,0.001621276069,False
1800,1.5,6.75,35.36346374,0.001342885235,False
1800,1.5,6.875,35.36323094,0.00111008126,False
1800,1.5,7,35.36303666,0.0009157999706,False
1800,1.5,7.125,35.36287486,0.0007540021305,False
1800,1.5,7.25,35.36274039,0.0006195363394,False
1800,1.5,7.375,35.36262888,0.0005080184413,False
1800,1.5,7.5,35.36253658,0.0004157257167,True
1800,1.5,7.625,35.36246036,0.0003395042917,False
1800,1.5,7.75,35.36239755,0.0002766883225,False
1800,1.5,7.875,35.36234589,0.0002250296461,False
1800,1.5,8,35.3623035,0.0001826366998,False
1800,1.5,8.125,35.36226878,0.0001479216295,False
1800,1.5,8.25,35.36224041,0.0001195546093,False
1800,1.5,8.375,35.36221728,9.642449456e-05,False
1800,1.5,8.5,35.36219846,7.760501853e-05,False
1800,1.5,8.625,35.36218318,6.23258303e-05,False
1800,1.5,8.75,35.36217081,4.994774516e-05,False
1800,1.5,8.875,35.3621608,3.994165166e-05,False
1800,1.5,9,35.36215273,3.187058159e-05,False
1800,1.5,9.125,35.36214623,2.537451036e-05,False
1800,1.5,9.25,35.36214102,2.015750601e-05,False
1800,1.5,9.375,35.36213684,1.597689165e-05,False
1800,1.5,9.5,35.36213349,1.263413097e-05,False
1800,1.5,9.625,35.36213083,9.967183026e-06,False
1800,1.5,9.75,35.3621287,7.8441062e-06,False
1800,1.5,9.875,35.36212702,6.157721941e-06,False
1800,1.5,10,35.36212568,4.821173292e-06,True
1800,1.5,10.125,35.36212462,3.764239381e-06,False
1800,1.5,10.25,35.36212379,2.93028392e-06,False
1800,1.5,10.375,35.36212313,2.273736371e-06,False
1800,1.5,10.5,35.36212262,1.758017895e-06,False
1800,1.5,10.625,35.36212221,1.353837739e-06,False
1800,1.5,10.75,35.3621219,1.037798476e-06,False
1800,1.5,10.875,35.36212165,7.912562623e-07,False
1800,1.5,11,35.36212146,5.993922514e-07,False
1800,1.5,11.125,35.36212131,4.504593534e-07,False
1800,1.5,11.25,35.36212119,3.351711513e-07,False
1800,1.5,11.375,35.3621211,2.46208927e-07,False
1800,1.5,11.5,35.36212104,1.778251644e-07,False
1800,1.5,11.625,35.36212098,1.25525986e-07,False
1800,1.5,11.75,35.36212094,8.581736921e-08,False
1800,1.5,11.875,35.36212091,5.600509212e-08,False
1800,1.5,12,35.36212089,3.403661708e-08,False
1800,1.5,12.125,35.36212088,1.838008501e-08,False
1800,1.5,12.25,35.36212087,7.931603818e-09,False
1800,1.5,12.375,35.36212086,1.947618955e-09,False
1800,1.5,12.5,35.36212086,0,True
